ALTER TABLE IF EXISTS city DROP CONSTRAINT fk_city_002;
ALTER TABLE IF EXISTS city DROP CONSTRAINT fk_city_001;
ALTER TABLE IF EXISTS region DROP CONSTRAINT fk_region_001;

DROP INDEX IF EXISTS ix_city_002;
DROP INDEX IF EXISTS ix_city_001;
DROP INDEX IF EXISTS ix_region_002;
DROP INDEX IF EXISTS ix_region_001;
DROP INDEX IF EXISTS ix_country_002;
DROP INDEX IF EXISTS ix_country_001;

DROP TABLE IF EXISTS city;
DROP TABLE IF EXISTS region;
DROP TABLE IF EXISTS country;

CREATE TABLE country (
    country_code_3 CHAR(3) NOT NULL PRIMARY KEY,
    country_code_2 CHAR(2) NOT NULL UNIQUE,
    country_name VARCHAR(256) NOT NULL,
    has_region INTEGER NOT NULL DEFAULT 0,
    region_name VARCHAR(256) NULL
);

CREATE INDEX ix_country_001 ON country(country_code_2);
CREATE INDEX ix_country_002 ON country(country_name);

CREATE TABLE region
(
    id INTEGER GENERATED ALWAYS AS IDENTITY PRIMARY KEY,
    country_code_3  CHAR(3) NOT NULL,
    region_name     VARCHAR(256) NOT NULL
);
CREATE INDEX ix_region_001 ON region (country_code_3);
CREATE INDEX ix_region_002 ON region (region_name);
ALTER TABLE region ADD CONSTRAINT fk_region_001 FOREIGN KEY (country_code_3) REFERENCES country(country_code_3);

CREATE TABLE city
(
    id INTEGER GENERATED ALWAYS AS IDENTITY PRIMARY KEY,
    country_code_3  CHAR(3) NOT NULL,
    region_id       INT NOT NULL,
    city_name       VARCHAR(256) NOT NULL,
    postal_code     VARCHAR(256) NULL
);
CREATE INDEX ix_city_001 ON city (country_code_3);
CREATE INDEX ix_city_002 ON city (city_name);
CREATE INDEX ix_city_003 ON city (postal_code);
CREATE INDEX ix_city_004 ON city (region_id);
ALTER TABLE city ADD CONSTRAINT fk_city_001 FOREIGN KEY (country_code_3) REFERENCES country(country_code_3);
ALTER TABLE city ADD CONSTRAINT fk_city_002 FOREIGN KEY (region_id) REFERENCES region(id);

INSERT INTO country VALUES ('ABW', 'AW', 'Aruba', 0, NULL);
INSERT INTO country VALUES('AFG', 'AF', 'Afghanistan', 1, 'Province');
INSERT INTO region(country_code_3, region_name) VALUES('AFG', 'Badakhshan');
INSERT INTO city(country_code_3, region_id, city_name, postal_code) VALUES('AFG', (SELECT id FROM region WHERE country_code_3='AFG' AND region_name='Badakhshan'), 'Fayzabad', NULL);
INSERT INTO city(country_code_3, region_id, city_name, postal_code) VALUES('AFG', (SELECT id FROM region WHERE country_code_3='AFG' AND region_name='Badakhshan'), 'Baharak', NULL);
INSERT INTO region(country_code_3, region_name) VALUES('AFG', 'Badghis');
INSERT INTO region(country_code_3, region_name) VALUES('AFG', 'Baghlan');
INSERT INTO region(country_code_3, region_name) VALUES('AFG', 'Balkh');
INSERT INTO region(country_code_3, region_name) VALUES('AFG', 'Bamyan');
INSERT INTO region(country_code_3, region_name) VALUES('AFG', 'Daykundi');
INSERT INTO region(country_code_3, region_name) VALUES('AFG', 'Farah');
INSERT INTO region(country_code_3, region_name) VALUES('AFG', 'Faryab');
INSERT INTO region(country_code_3, region_name) VALUES('AFG', 'Ghazni');
INSERT INTO region(country_code_3, region_name) VALUES('AFG', 'Ghor');
INSERT INTO region(country_code_3, region_name) VALUES('AFG', 'Helmand');
INSERT INTO region(country_code_3, region_name) VALUES('AFG', 'Herat');
INSERT INTO region(country_code_3, region_name) VALUES('AFG', 'Jowzjan');
INSERT INTO region(country_code_3, region_name) VALUES('AFG', 'Kabul');
INSERT INTO region(country_code_3, region_name) VALUES('AFG', 'Kandahar');
INSERT INTO region(country_code_3, region_name) VALUES('AFG', 'Kapisa');
INSERT INTO region(country_code_3, region_name) VALUES('AFG', 'Khost');
INSERT INTO region(country_code_3, region_name) VALUES('AFG', 'Kunar');
INSERT INTO region(country_code_3, region_name) VALUES('AFG', 'Kunduz');
INSERT INTO region(country_code_3, region_name) VALUES('AFG', 'Laghman');
INSERT INTO region(country_code_3, region_name) VALUES('AFG', 'Logar');
INSERT INTO region(country_code_3, region_name) VALUES('AFG', 'Nangarhar');
INSERT INTO region(country_code_3, region_name) VALUES('AFG', 'Nimruz');
INSERT INTO region(country_code_3, region_name) VALUES('AFG', 'Nuristan');
INSERT INTO region(country_code_3, region_name) VALUES('AFG', 'Paktia');
INSERT INTO region(country_code_3, region_name) VALUES('AFG', 'Paktika');
INSERT INTO region(country_code_3, region_name) VALUES('AFG', 'Panjshir');
INSERT INTO region(country_code_3, region_name) VALUES('AFG', 'Parwan');
INSERT INTO region(country_code_3, region_name) VALUES('AFG', 'Samangan');
INSERT INTO region(country_code_3, region_name) VALUES('AFG', 'Sar-e Pol');
INSERT INTO region(country_code_3, region_name) VALUES('AFG', 'Takhar');
INSERT INTO region(country_code_3, region_name) VALUES('AFG', 'Uruzgan');
INSERT INTO region(country_code_3, region_name) VALUES('AFG', 'Wardak');
INSERT INTO region(country_code_3, region_name) VALUES('AFG', 'Zabul');
INSERT INTO country VALUES ('ALA', 'AX', 'Åland Islands', 0, NULL);
INSERT INTO region(country_code_3, region_name) VALUES('ALA', 'None');
INSERT INTO city(country_code_3, region_id, city_name, postal_code) VALUES('ALA', (SELECT id FROM region WHERE country_code_3='ALA' AND region_name='None'), 'Mariehamn', '22100');
INSERT INTO country VALUES ('AGO', 'AO', 'Angola', 0, NULL);
INSERT INTO country VALUES ('AIA', 'AI', 'Anguilla', 0, NULL);
INSERT INTO country VALUES ('ALB', 'AL', 'Albania', 0, NULL);
INSERT INTO country VALUES ('AND', 'AD', 'Andorra', 0, NULL);
INSERT INTO country VALUES ('ARE', 'AE', 'United Arab Emirates', 0, NULL);
INSERT INTO country VALUES ('ARG', 'AR', 'Argentina', 0, NULL);
INSERT INTO country VALUES ('ARM', 'AM', 'Armenia', 0, NULL);
INSERT INTO country VALUES ('ASM', 'AS', 'American Samoa', 0, NULL);
INSERT INTO country VALUES ('ATA', 'AQ', 'Antarctica', 0, NULL);
INSERT INTO country VALUES ('ATF', 'TF', 'French Southern Territories', 0, NULL);
INSERT INTO country VALUES ('ATG', 'AG', 'Antigua and Barbuda', 0, NULL);
INSERT INTO country VALUES ('AUS', 'AU', 'Australia', 1, 'State');
INSERT INTO region (country_code_3, region_name) VALUES ('AUS', 'Australian Capital Territory');
INSERT INTO city(country_code_3, region_id, city_name, postal_code) VALUES('AUS', (SELECT id FROM region WHERE country_code_3='AUS' AND region_name='Australian Capital Territory'), 'Belconnen', NULL);
INSERT INTO city(country_code_3, region_id, city_name, postal_code) VALUES('AUS', (SELECT id FROM region WHERE country_code_3='AUS' AND region_name='Australian Capital Territory'), 'Canberra', NULL);
INSERT INTO region (country_code_3, region_name) VALUES ('AUS', 'New South Wales');
INSERT INTO city(country_code_3, region_id, city_name, postal_code) VALUES('AUS', (SELECT id FROM region WHERE country_code_3='AUS' AND region_name='New South Wales'), 'Newcastle', NULL);
INSERT INTO city(country_code_3, region_id, city_name, postal_code) VALUES('AUS', (SELECT id FROM region WHERE country_code_3='AUS' AND region_name='New South Wales'), 'Sydney', NULL);
INSERT INTO city(country_code_3, region_id, city_name, postal_code) VALUES('AUS', (SELECT id FROM region WHERE country_code_3='AUS' AND region_name='New South Wales'), 'Wollongong', NULL);
INSERT INTO region (country_code_3, region_name) VALUES ('AUS', 'Northern Territory');
INSERT INTO city(country_code_3, region_id, city_name, postal_code) VALUES('AUS', (SELECT id FROM region WHERE country_code_3='AUS' AND region_name='Northern Territory'), 'Alice Springs', NULL);
INSERT INTO city(country_code_3, region_id, city_name, postal_code) VALUES('AUS', (SELECT id FROM region WHERE country_code_3='AUS' AND region_name='Northern Territory'), 'Darwin', NULL);
INSERT INTO region (country_code_3, region_name) VALUES ('AUS', 'Queensland');
INSERT INTO city(country_code_3, region_id, city_name, postal_code) VALUES('AUS', (SELECT id FROM region WHERE country_code_3='AUS' AND region_name='Queensland'), 'Brisbane', NULL);
INSERT INTO city(country_code_3, region_id, city_name, postal_code) VALUES('AUS', (SELECT id FROM region WHERE country_code_3='AUS' AND region_name='Queensland'), 'Cairns', NULL);
INSERT INTO city(country_code_3, region_id, city_name, postal_code) VALUES('AUS', (SELECT id FROM region WHERE country_code_3='AUS' AND region_name='Queensland'), 'Gold Coast', NULL);
INSERT INTO city(country_code_3, region_id, city_name, postal_code) VALUES('AUS', (SELECT id FROM region WHERE country_code_3='AUS' AND region_name='Queensland'), 'Sunshine Coast', NULL);
INSERT INTO region (country_code_3, region_name) VALUES ('AUS', 'South Australia');
INSERT INTO city(country_code_3, region_id, city_name, postal_code) VALUES('AUS', (SELECT id FROM region WHERE country_code_3='AUS' AND region_name='South Australia'), 'Adelaide', NULL);
INSERT INTO city(country_code_3, region_id, city_name, postal_code) VALUES('AUS', (SELECT id FROM region WHERE country_code_3='AUS' AND region_name='South Australia'), 'Port Lincoln', NULL);
INSERT INTO region (country_code_3, region_name) VALUES ('AUS', 'Tasmania');
INSERT INTO city(country_code_3, region_id, city_name, postal_code) VALUES('AUS', (SELECT id FROM region WHERE country_code_3='AUS' AND region_name='Tasmania'), 'Hobart', NULL);
INSERT INTO city(country_code_3, region_id, city_name, postal_code) VALUES('AUS', (SELECT id FROM region WHERE country_code_3='AUS' AND region_name='Tasmania'), 'Launceston', NULL);
INSERT INTO region (country_code_3, region_name) VALUES ('AUS', 'Victoria');
INSERT INTO city(country_code_3, region_id, city_name, postal_code) VALUES('AUS', (SELECT id FROM region WHERE country_code_3='AUS' AND region_name='Victoria'), 'Ballarat', NULL);
INSERT INTO city(country_code_3, region_id, city_name, postal_code) VALUES('AUS', (SELECT id FROM region WHERE country_code_3='AUS' AND region_name='Victoria'), 'Bendigo', NULL);
INSERT INTO city(country_code_3, region_id, city_name, postal_code) VALUES('AUS', (SELECT id FROM region WHERE country_code_3='AUS' AND region_name='Victoria'), 'Churchill', NULL);
INSERT INTO city(country_code_3, region_id, city_name, postal_code) VALUES('AUS', (SELECT id FROM region WHERE country_code_3='AUS' AND region_name='Victoria'), 'Geelong', NULL);
INSERT INTO city(country_code_3, region_id, city_name, postal_code) VALUES('AUS', (SELECT id FROM region WHERE country_code_3='AUS' AND region_name='Victoria'), 'Melbourne', NULL);
INSERT INTO city(country_code_3, region_id, city_name, postal_code) VALUES('AUS', (SELECT id FROM region WHERE country_code_3='AUS' AND region_name='Victoria'), 'Shepparton', NULL);
INSERT INTO region (country_code_3, region_name) VALUES ('AUS', 'Western Australia');
INSERT INTO city(country_code_3, region_id, city_name, postal_code) VALUES('AUS', (SELECT id FROM region WHERE country_code_3='AUS' AND region_name='Western Australia'), 'Broome', NULL);
INSERT INTO city(country_code_3, region_id, city_name, postal_code) VALUES('AUS', (SELECT id FROM region WHERE country_code_3='AUS' AND region_name='Western Australia'), 'Freemantle', NULL);
INSERT INTO city(country_code_3, region_id, city_name, postal_code) VALUES('AUS', (SELECT id FROM region WHERE country_code_3='AUS' AND region_name='Western Australia'), 'Margaret River', NULL);
INSERT INTO city(country_code_3, region_id, city_name, postal_code) VALUES('AUS', (SELECT id FROM region WHERE country_code_3='AUS' AND region_name='Western Australia'), 'Perth', NULL);
INSERT INTO country VALUES ('AUT', 'AT', 'Austria', 0, NULL);
INSERT INTO country VALUES ('AZE', 'AZ', 'Azerbaijan', 0, NULL);
INSERT INTO country VALUES ('BDI', 'BI', 'Burundi', 0, NULL);
INSERT INTO country VALUES ('BEL', 'BE', 'Belgium', 0, NULL);
INSERT INTO country VALUES ('BEN', 'BJ', 'Benin', 0, NULL);
INSERT INTO country VALUES ('BES', 'BQ', 'Bonaire, Sint Eustatius and Saba', 0, NULL);
INSERT INTO country VALUES ('BFA', 'BF', 'Burkina Faso', 0, NULL);
INSERT INTO country VALUES ('BGD', 'BD', 'Bangladesh', 0, NULL);
INSERT INTO country VALUES ('BGR', 'BG', 'Bulgaria', 0, NULL);
INSERT INTO country VALUES ('BHR', 'BH', 'Bahrain', 0, NULL);
INSERT INTO country VALUES ('BHS', 'BS', 'Bahamas', 0, NULL);
INSERT INTO country VALUES ('BIH', 'BA', 'Bosnia and Herzegovina', 0, NULL);
INSERT INTO country VALUES ('BLM', 'BL', 'Saint Barthélemy', 0, NULL);
INSERT INTO country VALUES ('BLR', 'BY', 'Belarus', 0, NULL);
INSERT INTO country VALUES ('BLZ', 'BZ', 'Belize', 0, NULL);
INSERT INTO country VALUES ('BMU', 'BM', 'Bermuda', 0, NULL);
INSERT INTO country VALUES ('BOL', 'BO', 'Bolivia', 0, NULL);
INSERT INTO country VALUES ('BRA', 'BR', 'Brazil', 0, NULL);
INSERT INTO country VALUES ('BRB', 'BB', 'Barbados', 0, NULL);
INSERT INTO country VALUES ('BRN', 'BN', 'Brunei Darussalam', 0, NULL);
INSERT INTO country VALUES ('BTN', 'BT', 'Bhutan', 0, NULL);
INSERT INTO country VALUES ('BVT', 'BV', 'Bouvet Island', 0, NULL);
INSERT INTO country VALUES ('BWA', 'BW', 'Botswana', 0, NULL);
INSERT INTO country VALUES ('CAF', 'CF', 'Central African Republic', 0, NULL);
INSERT INTO country VALUES ('CAN', 'CA', 'Canada', 1, 'Province');
INSERT INTO country VALUES ('CCK', 'CC', 'Cocos (Keeling) Islands', 0, NULL);
INSERT INTO country VALUES ('CHE', 'CH', 'Switzerland', 0, NULL);
INSERT INTO country VALUES ('CHL', 'CL', 'Chile', 0, NULL);
INSERT INTO country VALUES ('CHN', 'CN', 'China', 1, 'Province');
INSERT INTO country VALUES ('CIV', 'CI', 'Côte d''Ivoire', 0, NULL);
INSERT INTO country VALUES ('CMR', 'CM', 'Cameroon', 0, NULL);
INSERT INTO country VALUES ('COD', 'CD', 'Congo (the Democratic Republic of the)', 0, NULL);
INSERT INTO country VALUES ('COG', 'CG', 'Congo (the)', 0, NULL);
INSERT INTO country VALUES ('COK', 'CK', 'Cook Islands', 0, NULL);
INSERT INTO country VALUES ('COL', 'CO', 'Colombia', 0, NULL);
INSERT INTO country VALUES ('COM', 'KM', 'Comoros', 0, NULL);
INSERT INTO country VALUES ('CPV', 'CV', 'Cabo Verde', 0, NULL);
INSERT INTO country VALUES ('CRI', 'CR', 'Costa Rica', 0, NULL);
INSERT INTO country VALUES ('CUB', 'CU', 'Cuba', 0, NULL);
INSERT INTO country VALUES ('CUW', 'CW', 'Curaçao', 0, NULL);
INSERT INTO country VALUES ('CXR', 'CX', 'Christmas Island', 0, NULL);
INSERT INTO country VALUES ('CYM', 'KY', 'Cayman Islands', 0, NULL);
INSERT INTO country VALUES ('CYP', 'CY', 'Cyprus', 0, NULL);
INSERT INTO country VALUES ('CZE', 'CZ', 'Czechia', 0, NULL);
INSERT INTO country VALUES ('DEU', 'DE', 'Germany', 0, NULL);
INSERT INTO country VALUES ('DJI', 'DJ', 'Djibouti', 0, NULL);
INSERT INTO country VALUES ('DMA', 'DM', 'Dominica', 0, NULL);
INSERT INTO country VALUES ('DNK', 'DK', 'Denmark', 0, NULL);
INSERT INTO country VALUES ('DOM', 'DO', 'Dominican Republic', 0, NULL);
INSERT INTO country VALUES ('DZA', 'DZ', 'Algeria', 0, NULL);
INSERT INTO country VALUES ('ECU', 'EC', 'Ecuador', 0, NULL);
INSERT INTO country VALUES ('EGY', 'EG', 'Egypt', 0, NULL);
INSERT INTO country VALUES ('ERI', 'ER', 'Eritrea', 0, NULL);
INSERT INTO country VALUES ('ESH', 'EH', 'Western Sahara', 0, NULL);
INSERT INTO country VALUES ('ESP', 'ES', 'Spain', 0, NULL);
INSERT INTO country VALUES ('EST', 'EE', 'Estonia', 0, NULL);
INSERT INTO country VALUES ('ETH', 'ET', 'Ethiopia', 0, NULL);
INSERT INTO country VALUES ('FIN', 'FI', 'Finland', 0, NULL);
INSERT INTO country VALUES ('FJI', 'FJ', 'Fiji', 0, NULL);
INSERT INTO country VALUES ('FRA', 'FR', 'France', 0, NULL);
INSERT INTO country VALUES ('FRO', 'FO', 'Faroe Islands', 0, NULL);
INSERT INTO country VALUES ('FSM', 'FM', 'Micronesia', 0, NULL);
INSERT INTO country VALUES ('GAB', 'GA', 'Gabon', 0, NULL);
INSERT INTO country VALUES ('GBR', 'GB', 'United Kingdom', 0, NULL);
INSERT INTO country VALUES ('GEO', 'GE', 'Georgia', 0, NULL);
INSERT INTO country VALUES ('GGY', 'GG', 'Guernsey', 0, NULL);
INSERT INTO country VALUES ('GHA', 'GH', 'Ghana', 0, NULL);
INSERT INTO country VALUES ('GIB', 'GI', 'Gibraltar', 0, NULL);
INSERT INTO country VALUES ('GIN', 'GN', 'Guinea', 0, NULL);
INSERT INTO country VALUES ('GLP', 'GP', 'Guadeloupe', 0, NULL);
INSERT INTO country VALUES ('GMB', 'GM', 'Gambia', 0, NULL);
INSERT INTO country VALUES ('GNB', 'GW', 'Guinea-Bissau', 0, NULL);
INSERT INTO country VALUES ('GNQ', 'GQ', 'Equatorial Guinea', 0, NULL);
INSERT INTO country VALUES ('GRC', 'GR', 'Greece', 0, NULL);
INSERT INTO country VALUES ('GRL', 'GL', 'Greenland', 0, NULL);
INSERT INTO country VALUES ('GTM', 'GT', 'Guatemala', 0, NULL);
INSERT INTO country VALUES ('GUF', 'GF', 'French Guiana', 0, NULL);
INSERT INTO country VALUES ('GUM', 'GU', 'Guam', 0, NULL);
INSERT INTO country VALUES ('GUY', 'GY', 'Guyana', 0, NULL);
INSERT INTO country VALUES ('HKG', 'HK', 'Hong Kong', 0, NULL);
INSERT INTO country VALUES ('HMD', 'HM', 'Heard Island and McDonald Islands', 0, NULL);
INSERT INTO country VALUES ('HND', 'HN', 'Honduras', 0, NULL);
INSERT INTO country VALUES ('HRV', 'HR', 'Croatia', 0, NULL);
INSERT INTO country VALUES ('HTI', 'HT', 'Haiti', 0, NULL);
INSERT INTO country VALUES ('HUN', 'HU', 'Hungary', 0, NULL);
INSERT INTO country VALUES ('IMN', 'IM', 'Isle of Man', 0, NULL);
INSERT INTO country VALUES ('IDN', 'ID', 'Indonesia', 0, NULL);
INSERT INTO country VALUES ('IND', 'IN', 'India', 0, NULL);
INSERT INTO country VALUES ('IOT', 'IO', 'British Indian Ocean Territory', 0, NULL);
INSERT INTO country VALUES ('IRL', 'IE', 'Ireland', 0, NULL);
INSERT INTO country VALUES ('IRN', 'IR', 'Iran', 0, NULL);
INSERT INTO country VALUES ('IRQ', 'IQ', 'Iraq', 0, NULL);
INSERT INTO country VALUES ('ISL', 'IS', 'Iceland', 0, NULL);
INSERT INTO country VALUES ('ISR', 'IL', 'Israel', 0, NULL);
INSERT INTO country VALUES ('ITA', 'IT', 'Italy', 0, NULL);
INSERT INTO country VALUES ('JAM', 'JM', 'Jamaica', 0, NULL);
INSERT INTO country VALUES ('JEY', 'JE', 'Jersey', 0, NULL);
INSERT INTO country VALUES ('JOR', 'JO', 'Jordan', 0, NULL);
INSERT INTO country VALUES ('JPN', 'JP', 'Japan', 1, 'Prefecture');
INSERT INTO country VALUES ('KAZ', 'KZ', 'Kazakhstan', 0, NULL);
INSERT INTO country VALUES ('KEN', 'KE', 'Kenya', 0, NULL);
INSERT INTO country VALUES ('KGZ', 'KG', 'Kyrgyzstan', 0, NULL);
INSERT INTO country VALUES ('KHM', 'KH', 'Cambodia', 0, NULL);
INSERT INTO country VALUES ('KIR', 'KI', 'Kiribati', 0, NULL);
INSERT INTO country VALUES ('KNA', 'KN', 'Saint Kitts and Nevis', 0, NULL);
INSERT INTO country VALUES ('KOR', 'KR', 'South Korea', 0, NULL);
INSERT INTO country VALUES ('KWT', 'KW', 'Kuwait', 0, NULL);
INSERT INTO country VALUES ('LAO', 'LA', 'Laos', 0, NULL);
INSERT INTO country VALUES ('LBN', 'LB', 'Lebanon', 0, NULL);
INSERT INTO country VALUES ('LBR', 'LR', 'Liberia', 0, NULL);
INSERT INTO country VALUES ('LBY', 'LY', 'Libya', 0, NULL);
INSERT INTO country VALUES ('LCA', 'LC', 'Saint Lucia', 0, NULL);
INSERT INTO country VALUES ('LIE', 'LI', 'Liechtenstein', 0, NULL);
INSERT INTO country VALUES ('LKA', 'LK', 'Sri Lanka', 0, NULL);
INSERT INTO country VALUES ('LSO', 'LS', 'Lesotho', 0, NULL);
INSERT INTO country VALUES ('LTU', 'LT', 'Lithuania', 0, NULL);
INSERT INTO country VALUES ('LUX', 'LU', 'Luxembourg', 0, NULL);
INSERT INTO country VALUES ('LVA', 'LV', 'Latvia', 0, NULL);
INSERT INTO country VALUES ('MAC', 'MO', 'Macao', 0, NULL);
INSERT INTO country VALUES ('MAF', 'MF', 'Saint Martin (French part)', 0, NULL);
INSERT INTO country VALUES ('MAR', 'MA', 'Morocco', 0, NULL);
INSERT INTO country VALUES ('MCO', 'MC', 'Monaco', 0, NULL);
INSERT INTO country VALUES ('MDA', 'MD', 'Moldova', 0, NULL);
INSERT INTO country VALUES ('MDG', 'MG', 'Madagascar', 0, NULL);
INSERT INTO country VALUES ('MDV', 'MV', 'Maldives', 0, NULL);
INSERT INTO country VALUES ('MEX', 'MX', 'Mexico', 0, NULL);
INSERT INTO country VALUES ('MHL', 'MH', 'Marshall Islands', 0, NULL);
INSERT INTO country VALUES ('MKD', 'MK', 'North Macedonia', 0, NULL);
INSERT INTO country VALUES ('MLI', 'ML', 'Mali', 0, NULL);
INSERT INTO country VALUES ('MLT', 'MT', 'Malta', 0, NULL);
INSERT INTO country VALUES ('MMR', 'MM', 'Myanmar', 0, NULL);
INSERT INTO country VALUES ('MNE', 'ME', 'Montenegro', 0, NULL);
INSERT INTO country VALUES ('MNG', 'MN', 'Mongolia', 0, NULL);
INSERT INTO country VALUES ('MNP', 'MP', 'Northern Mariana Islands', 0, NULL);
INSERT INTO country VALUES ('MOZ', 'MZ', 'Mozambique', 0, NULL);
INSERT INTO country VALUES ('MRT', 'MR', 'Mauritania', 0, NULL);
INSERT INTO country VALUES ('MSR', 'MS', 'Montserrat', 0, NULL);
INSERT INTO country VALUES ('MTQ', 'MQ', 'Martinique', 0, NULL);
INSERT INTO country VALUES ('MUS', 'MU', 'Mauritius', 0, NULL);
INSERT INTO country VALUES ('MWI', 'MW', 'Malawi', 0, NULL);
INSERT INTO country VALUES ('MYS', 'MY', 'Malaysia', 0, NULL);
INSERT INTO country VALUES ('MYT', 'YT', 'Mayotte', 0, NULL);
INSERT INTO country VALUES ('NAM', 'NA', 'Namibia', 0, NULL);
INSERT INTO country VALUES ('NCL', 'NC', 'New Caledonia', 0, NULL);
INSERT INTO country VALUES ('NER', 'NE', 'Niger', 0, NULL);
INSERT INTO country VALUES ('NFK', 'NF', 'Norfolk Island', 0, NULL);
INSERT INTO country VALUES ('NGA', 'NG', 'Nigeria', 0, NULL);
INSERT INTO country VALUES ('NIC', 'NI', 'Nicaragua', 0, NULL);
INSERT INTO country VALUES ('NIU', 'NU', 'Niue', 0, NULL);
INSERT INTO country VALUES ('NLD', 'NL', 'Netherlands', 0, NULL);
INSERT INTO country VALUES ('NOR', 'NO', 'Norway', 0, NULL);
INSERT INTO country VALUES ('NPL', 'NP', 'Nepal', 0, NULL);
INSERT INTO country VALUES ('NRU', 'NR', 'Nauru', 0, NULL);
INSERT INTO country VALUES ('NZL', 'NZ', 'New Zealand', 0, NULL);
INSERT INTO country VALUES ('OMN', 'OM', 'Oman', 0, NULL);
INSERT INTO country VALUES ('PAK', 'PK', 'Pakistan', 0, NULL);
INSERT INTO country VALUES ('PAN', 'PA', 'Panama', 0, NULL);
INSERT INTO country VALUES ('PCN', 'PN', 'Pitcairn', 0, NULL);
INSERT INTO country VALUES ('PER', 'PE', 'Peru', 0, NULL);
INSERT INTO country VALUES ('PHL', 'PH', 'Philippines', 0, NULL);
INSERT INTO country VALUES ('PLW', 'PW', 'Palau', 0, NULL);
INSERT INTO country VALUES ('PNG', 'PG', 'Papua New Guinea', 0, NULL);
INSERT INTO country VALUES ('POL', 'PL', 'Poland', 0, NULL);
INSERT INTO country VALUES ('PRI', 'PR', 'Puerto Rico', 0, NULL);
INSERT INTO country VALUES ('PRK', 'KP', 'North Korea', 0, NULL);
INSERT INTO country VALUES ('PRY', 'PY', 'Paraguay', 0, NULL);
INSERT INTO country VALUES ('PRT', 'PT', 'Portugal', 0, NULL);
INSERT INTO country VALUES ('PSE', 'PS', 'Palestine', 0, NULL);
INSERT INTO country VALUES ('PYF', 'PF', 'French Polynesia', 0, NULL);
INSERT INTO country VALUES ('REU', 'RE', 'Réunion', 0, NULL);
INSERT INTO country VALUES ('ROU', 'RO', 'Romania', 0, NULL);
INSERT INTO country VALUES ('RUS', 'RU', 'Russian Federation', 0, NULL);
INSERT INTO country VALUES ('RWA', 'RW', 'Rwanda', 0, NULL);
INSERT INTO country VALUES ('QAT', 'QA', 'Qatar', 0, NULL);
INSERT INTO country VALUES ('SAU', 'SA', 'Saudi Arabia', 0, NULL);
INSERT INTO country VALUES ('SDN', 'SD', 'Sudan', 0, NULL);
INSERT INTO country VALUES ('SEN', 'SN', 'Senegal', 0, NULL);
INSERT INTO country VALUES ('SGP', 'SG', 'Singapore', 0, NULL);
INSERT INTO country VALUES ('SGS', 'GS', 'South Georgia and the South Sandwich Islands', 0, NULL);
INSERT INTO country VALUES ('SHN', 'SH', 'Saint Helena, Ascension and Tristan da Cunha', 0, NULL);
INSERT INTO country VALUES ('SJM', 'SJ', 'Svalbard and Jan Mayen', 0, NULL);
INSERT INTO country VALUES ('SLB', 'SB', 'Solomon Islands', 0, NULL);
INSERT INTO country VALUES ('SLE', 'SL', 'Sierra Leone', 0, NULL);
INSERT INTO country VALUES ('SLV', 'SV', 'El Salvador', 0, NULL);
INSERT INTO country VALUES ('SMR', 'SM', 'San Marino', 0, NULL);
INSERT INTO country VALUES ('SOM', 'SO', 'Somalia', 0, NULL);
INSERT INTO country VALUES ('SPM', 'PM', 'Saint Pierre and Miquelon', 0, NULL);
INSERT INTO country VALUES ('SRB', 'RS', 'Serbia', 0, NULL);
INSERT INTO country VALUES ('SSD', 'SS', 'South Sudan', 0, NULL);
INSERT INTO country VALUES ('STP', 'ST', 'Sao Tome and Principe', 0, NULL);
INSERT INTO country VALUES ('SUR', 'SR', 'Suriname', 0, NULL);
INSERT INTO country VALUES ('SVK', 'SK', 'Slovakia', 0, NULL);
INSERT INTO country VALUES ('SVN', 'SI', 'Slovenia', 0, NULL);
INSERT INTO country VALUES ('SWE', 'SE', 'Sweden', 0, NULL);
INSERT INTO country VALUES ('SWZ', 'SZ', 'Eswatini', 0, NULL);
INSERT INTO country VALUES ('SXM', 'SX', 'Sint Maarten (Dutch part)', 0, NULL);
INSERT INTO country VALUES ('SYC', 'SC', 'Seychelles', 0, NULL);
INSERT INTO country VALUES ('SYR', 'SY', 'Syria', 0, NULL);
INSERT INTO country VALUES ('TCA', 'TC', 'Turks and Caicos Islands', 0, NULL);
INSERT INTO country VALUES ('TCD', 'TD', 'Chad', 0, NULL);
INSERT INTO country VALUES ('TGO', 'TG', 'Togo', 0, NULL);
INSERT INTO country VALUES ('THA', 'TH', 'Thailand', 0, NULL);
INSERT INTO country VALUES ('TJK', 'TJ', 'Tajikistan', 0, NULL);
INSERT INTO country VALUES ('TKL', 'TK', 'Tokelau', 0, NULL);
INSERT INTO country VALUES ('TKM', 'TM', 'Turkmenistan', 0, NULL);
INSERT INTO country VALUES ('TLS', 'TL', 'Timor-Leste', 0, NULL);
INSERT INTO country VALUES ('TON', 'TO', 'Tonga', 0, NULL);
INSERT INTO country VALUES ('TTO', 'TT', 'Trinidad and Tobago', 0, NULL);
INSERT INTO country VALUES ('TUN', 'TN', 'Tunisia', 0, NULL);
INSERT INTO country VALUES ('TUR', 'TR', 'Türkiye', 0, NULL);
INSERT INTO country VALUES ('TUV', 'TV', 'Tuvalu', 0, NULL);
INSERT INTO country VALUES ('TWN', 'TW', 'Taiwan', 0, NULL);
INSERT INTO country VALUES ('TZA', 'TZ', 'Tanzania', 0, NULL);
INSERT INTO country VALUES ('UGA', 'UG', 'Uganda', 0, NULL);
INSERT INTO country VALUES ('UKR', 'UA', 'Ukraine', 0, NULL);
INSERT INTO country VALUES ('UMI', 'UM', 'United States Minor Outlying Islands', 0, NULL);
INSERT INTO country VALUES ('URY', 'UY', 'Uruguay', 0, NULL);
INSERT INTO country VALUES ('USA', 'US', 'United States of America', 0, NULL);
INSERT INTO country VALUES ('UZB', 'UZ', 'Uzbekistan', 0, NULL);
INSERT INTO country VALUES ('VAT', 'VA', 'Holy See (Vatican)', 0, NULL);
INSERT INTO country VALUES ('VCT', 'VC', 'Saint Vincent and the Grenadines', 0, NULL);
INSERT INTO country VALUES ('VEN', 'VE', 'Venezuela', 0, NULL);
INSERT INTO country VALUES ('VGB', 'VG', 'Virgin Islands (British)', 0, NULL);
INSERT INTO country VALUES ('VIR', 'VI', 'Virgin Islands (U.S.)', 0, NULL);
INSERT INTO country VALUES ('VNM', 'VN', 'Viet Nam', 0, NULL);
INSERT INTO country VALUES ('VUT', 'VU', 'Vanuatu', 0, NULL);
INSERT INTO country VALUES ('WLF', 'WF', 'Wallis and Futuna', 0, NULL);
INSERT INTO country VALUES ('WSM', 'WS', 'Samoa', 0, NULL);
INSERT INTO country VALUES ('YEM', 'YE', 'Yemen', 0, NULL);
INSERT INTO country VALUES ('ZAF', 'ZA', 'South Africa', 0, NULL);
INSERT INTO country VALUES ('ZMB', 'ZM', 'Zambia', 0, NULL);
INSERT INTO country VALUES ('ZWE', 'ZW', 'Zimbabwe', 0, NULL);
